{
  "generation": 500,
  "fitness": 129480,
  "ticks": 200,
  "fruits": 16,
  "genome": [
    -0.17527172,
    0.114230216,
    1.051187,
    0.047241867,
    -0.05911754,
    -0.28891557,
    -0.55047345,
    0.11406834,
    0.8681687,
    -0.14687261,
    0.27308404,
    -0.18214579,
    -0.23603286,
    0.39848745,
    0.2504134,
    -0.39767128,
    -0.008452326,
    0.51356775,
    -0.7671812,
    0.36260045,
    -0.012786474,
    -0.11606942,
    -0.123771936,
    0.14891872,
    0.089823954,
    0.6293146,
    -0.15134116,
    0.09556982,
    0.2760105,
    -0.13310076,
    -0.27712986,
    -0.10925103,
    -0.124833554,
    0.168102,
    0.17651866,
    0.7384854,
    -0.56842405,
    0.3124219,
    -0.068991825,
    0.1724563,
    -0.085263684,
    0.29365218,
    -0.1911101,
    0.09759844,
    0.15665387,
    -0.27305365,
    -0.72282887,
    0.39749038,
    -0.48270756,
    -0.45912868,
    -0.37342635,
    0.30683962,
    -0.364395,
    -0.21714564,
    -0.19464725,
    -0.6598014,
    -0.32350215,
    -0.22689287,
    0.25829396,
    -0.19376571,
    0.5848334,
    0.1167113,
    -0.07140278,
    0.40503246,
    0.8714136,
    0.067931354,
    0.06993149,
    0.46659562,
    0.18037383,
    -0.22266454,
    -0.272082,
    0.15173572,
    -0.19137137,
    0.15899573,
    -0.8315248,
    0.024483789,
    0.058891237,
    -0.021244623,
    -0.41849223,
    0.54304177,
    -0.18710513,
    0.07228029,
    0.006732613,
    0.13604659,
    -0.06835547,
    1.2389284,
    0.17101362,
    0.059133865,
    -0.473311,
    -0.07500871,
    0.061827194,
    0.12369551,
    -0.6565294,
    0.22458382,
    -0.045754056,
    0.021175526,
    0.06840459,
    0.018735752,
    -0.10428331,
    -0.39283663,
    -0.63820624,
    0.7068425,
    0.33268613,
    -1.1427082,
    -0.12078795,
    -0.12083885,
    -0.13020998,
    -0.62502265,
    0.044367615,
    0.1104973,
    0.07744735,
    0.12096951,
    0.023297831,
    0.10474798,
    -0.21472973,
    0.39225644,
    -0.2417167,
    0.30217078,
    -0.27807355,
    -0.18447742,
    -0.08592888,
    0.20300889,
    0.011043638,
    0.13011563,
    0.28647798,
    -0.7986813,
    -0.3324496,
    0.32032242,
    0.0123647,
    -0.28398693,
    -0.06277418,
    -0.37424508,
    0.14765552,
    0.24733046,
    0.26443487,
    0.087557614,
    0.28023005,
    0.07649501,
    -0.14088807,
    0.5741603,
    0.2624787,
    -0.28830695,
    0.009838566,
    -0.3009174,
    -0.55145377,
    0.32588598,
    -0.006066814,
    -0.13372645,
    0.23792258,
    0.16878654,
    0.24491134,
    -0.12725781,
    0.6321789,
    -0.018368255,
    0.15267028,
    0.06389379,
    0.3075482,
    0.17497447,
    -0.92987084,
    0.1727847,
    -0.06513162,
    -0.117969215,
    -0.11486772,
    0.23156768,
    0.14116178,
    -0.13874981,
    -0.12579548,
    -0.30089492,
    -0.6622381,
    0.5992253,
    0.21391238,
    0.0065234676,
    0.27594978,
    -0.32039508,
    -1.2113014,
    -0.97359055,
    -0.14561811,
    -0.1331595,
    -0.49804083,
    0.11993956,
    -0.03376722,
    -0.043300495,
    0.11858806,
    -0.080617934,
    -1.1493769,
    0.09850134,
    0.02640127,
    -0.12458301,
    -0.556731,
    -0.577269,
    0.10803371,
    -0.11129197,
    -0.37364796,
    0.23080073,
    -0.52627254,
    -0.17789845,
    -0.1038986,
    0.0028874874,
    0.030869301,
    -0.044848915,
    0.5487173,
    0.29811707,
    -0.02566745,
    -0.08181238,
    0.9804448,
    0.3604199,
    0.23954934,
    -1.1142983,
    0.6893176,
    0.028174408,
    0.47123566,
    0.020233879,
    -0.56003594,
    0.10186823,
    0.337688,
    -0.1890569,
    -0.24926999,
    -0.17829244,
    0.14378437,
    -0.010111347,
    0.076190546,
    -0.16139042,
    0.25108933,
    -0.113072485,
    0.35392,
    0.4654033,
    0.2910236,
    0.050670043,
    -0.24785864,
    0.64400315,
    -0.06585102,
    -0.7231269,
    0.14653137,
    0.19602376,
    -0.27453735,
    -0.07226154,
    0.4134544,
    -0.20937552,
    -0.36022615,
    -0.49383417,
    -0.3664893,
    -0.33539677,
    0.11750988,
    0.25937086,
    0.16727942,
    0.04969524,
    -0.6422086,
    -0.9373487,
    0.0076249577,
    -0.5192395,
    -1.25948,
    0.8696033,
    0.6560962,
    -1.042518,
    0.33274853,
    0.14215223,
    0.19471891,
    0.34967145,
    -1.2696025,
    0.25945815,
    -0.19381519,
    -0.6826563,
    0.08393954,
    -0.0058464333,
    -0.0021361709,
    0.00032699108,
    0.22391301,
    -0.03805308,
    0.22355592,
    0.53675294,
    -0.08478087,
    0.04147186,
    0.6972408,
    0.0009449497,
    -0.08600603,
    0.35271654,
    -0.22963199,
    0.37301704,
    -0.1190505,
    -0.26172268,
    0.23717155,
    -0.54723,
    0.3575759,
    -0.15507504,
    -0.2907551,
    0.23403585,
    -0.21104509,
    0.22901426,
    -0.07046929,
    -0.0461187,
    0.17963238,
    0.040738136,
    0.39958492,
    0.23749581,
    -0.97555333,
    0.17687209,
    0.7387017,
    -0.98414874,
    0.055154555,
    0.24514902,
    -0.010097817,
    -0.20279756,
    -0.15044093,
    -0.27877325,
    0.26427612,
    0.2428456,
    -0.025257956,
    0.26190618,
    0.057514645,
    0.3653943,
    0.08506775,
    -0.31625664,
    -0.32968283,
    -0.28603885,
    0.01471458,
    0.042908203,
    1.2987784,
    -0.68560576,
    0.298462,
    -0.15837894,
    0.47409353,
    -0.27225685,
    0.013594484,
    -0.75980794,
    0.2427029,
    -0.02438893,
    0.063196875,
    0.49575418,
    0.14130539,
    -0.18482828,
    0.16734952,
    -0.80127406,
    -1.187725,
    0.105505355,
    -0.26689586,
    -0.39536995,
    0.48869416,
    0.3748243,
    0.3096261
  ]
}