{
  "generation": 750,
  "fitness": 121340,
  "ticks": 200,
  "fruits": 15,
  "genome": [
    -0.21516652,
    0.36166444,
    1.0311953,
    0.18103904,
    0.10308971,
    0.016524777,
    -0.42839316,
    0.096521005,
    0.9758314,
    -0.07400707,
    0.26987723,
    -0.098463036,
    -0.389059,
    0.24935669,
    0.032079168,
    -0.3289804,
    0.040290996,
    0.0775497,
    -0.5378195,
    0.18989563,
    0.0430299,
    -0.11606942,
    -0.0703292,
    0.14471222,
    0.062477283,
    0.7146184,
    0.30062014,
    0.25572607,
    -0.70016277,
    -0.13660902,
    -0.09707106,
    -0.21267092,
    -0.32583624,
    0.09643997,
    0.21755914,
    -0.72938234,
    -0.7646452,
    0.25547755,
    -0.072974525,
    0.18511026,
    -0.47094148,
    0.4341884,
    -0.20179377,
    0.024578549,
    0.11984103,
    -0.14223723,
    -0.33278295,
    0.39749038,
    -0.36345255,
    -0.38914472,
    -0.48527902,
    -0.18107907,
    -0.31659493,
    -0.26880193,
    -0.04952181,
    0.08932997,
    -0.08495735,
    -0.32120562,
    0.25829396,
    -0.84749836,
    0.54455644,
    0.208202,
    -0.063274674,
    0.38514727,
    0.8907771,
    0.067931354,
    0.18204701,
    0.6766218,
    -0.11035229,
    -0.38597843,
    -0.22240376,
    0.055774592,
    -0.20779616,
    0.059548303,
    -0.8315248,
    0.00956668,
    0.022437276,
    -0.024632357,
    -0.36546814,
    0.32333827,
    -0.12392216,
    -0.013419157,
    0.008091558,
    0.20497607,
    -0.06120691,
    1.2355226,
    0.04343544,
    -0.00920663,
    -0.35438514,
    -0.05073137,
    -0.05023504,
    0.2177936,
    -0.6551333,
    0.24039076,
    -0.06829281,
    -0.05302283,
    -0.054829106,
    0.018735752,
    -0.105939426,
    -0.5930457,
    -0.633836,
    0.18628065,
    0.4377745,
    -1.0416145,
    -0.13910636,
    -0.8429289,
    -0.30547118,
    -0.53452504,
    0.032901432,
    0.46438828,
    0.11903871,
    0.12096951,
    -0.11995976,
    -0.1112902,
    -0.33429107,
    0.50100267,
    -0.13864693,
    0.40930614,
    -0.8453359,
    -0.09516148,
    0.37056503,
    -0.07676586,
    -1.0541867,
    0.13011563,
    0.24674372,
    -0.8943062,
    -0.14598617,
    0.12693387,
    -0.14343339,
    -0.010847144,
    -0.07401459,
    -0.3251633,
    0.21783757,
    0.107943706,
    0.40383598,
    -0.052319396,
    0.413417,
    0.10838244,
    0.0006916821,
    -0.0144123435,
    0.2624787,
    -0.39859253,
    -0.09400404,
    -0.62145424,
    -0.51105225,
    0.32711217,
    0.008239815,
    -0.17705774,
    0.22377759,
    0.038927056,
    0.15159062,
    -0.6155388,
    0.6255223,
    -0.033189636,
    -0.10192925,
    0.087648526,
    0.2966619,
    -0.07561545,
    0.3106444,
    0.029169457,
    -0.2595525,
    -0.08167759,
    -0.2712272,
    0.23156768,
    0.032569483,
    -0.061094366,
    -0.05254858,
    -0.8402057,
    -0.8019361,
    0.57208544,
    -0.49349892,
    0.0065234676,
    0.2236713,
    -0.39427924,
    -1.3337377,
    0.83941215,
    -0.18785326,
    0.86717904,
    -0.45338106,
    0.12573382,
    -0.03376722,
    0.07545373,
    0.10170648,
    -0.041915987,
    -0.9435801,
    0.15489745,
    -0.0022310019,
    -0.35257405,
    -0.6750862,
    0.15456824,
    0.070121974,
    -0.12541431,
    -0.37364796,
    0.2371278,
    -0.56469613,
    -0.25912005,
    -0.0022588514,
    0.023537908,
    -0.042335447,
    -0.8482519,
    0.639884,
    0.50813305,
    0.22202168,
    0.19636704,
    0.26368383,
    0.4484372,
    0.24737144,
    -1.0151836,
    -0.05979529,
    0.05132121,
    0.45703763,
    0.020233879,
    -0.6676798,
    0.13959639,
    -0.2856246,
    0.1305316,
    -0.2954903,
    -0.036492135,
    0.18236405,
    -0.016948853,
    0.77762616,
    -0.30927637,
    0.26545712,
    -0.09565881,
    0.35201192,
    0.53471977,
    0.23537529,
    0.06435992,
    -0.278378,
    0.6646745,
    -0.08899148,
    -0.67149484,
    0.017930806,
    0.10830518,
    -0.4765069,
    -0.07226154,
    -0.567593,
    -0.20384622,
    -0.56145614,
    -0.4431043,
    -0.3041045,
    -0.27319762,
    0.14926745,
    -0.20493585,
    0.14973709,
    -0.0008997135,
    -0.59134984,
    -0.9431596,
    -0.03216361,
    -0.19778001,
    -0.65695906,
    0.92406595,
    0.7203374,
    -0.87571776,
    0.2793869,
    0.118603535,
    0.33516806,
    0.38968772,
    -1.2831423,
    -0.15842888,
    0.116114385,
    -0.6826563,
    0.023036432,
    0.098202705,
    -0.11129083,
    -0.05072287,
    0.22391301,
    0.04197427,
    0.28800505,
    -0.27427754,
    -0.032235824,
    0.19145975,
    0.77836585,
    -0.06049744,
    -0.011617004,
    0.23768233,
    -0.46018225,
    -0.0019680727,
    -0.1420551,
    -0.26079237,
    0.23717155,
    -0.5591588,
    0.2121755,
    -0.23787804,
    0.14656416,
    0.17081359,
    -0.25012717,
    0.22901426,
    -0.198552,
    -0.06399207,
    0.12663154,
    -0.01570183,
    0.17697343,
    0.11855133,
    -0.96856165,
    0.16560078,
    0.69501096,
    -1.0182244,
    0.1037473,
    0.23939407,
    0.13536854,
    -0.20082104,
    -0.2240742,
    -0.24368104,
    0.2919062,
    0.12191865,
    -0.013640817,
    -0.43163276,
    -0.029226638,
    0.43499383,
    0.08506775,
    -0.3170999,
    -0.19922622,
    -0.32094607,
    0.008369738,
    0.042908203,
    1.1388285,
    -0.71481,
    0.28500625,
    -0.15837894,
    0.35390538,
    -0.048442684,
    0.013594484,
    -0.7990645,
    0.1016811,
    0.05188153,
    0.33136016,
    0.49575418,
    -0.16968314,
    -0.14162742,
    0.23648822,
    -0.99859345,
    -1.1823586,
    0.13498513,
    -0.16569641,
    -0.3756715,
    0.65387166,
    0.2605139,
    0.013960304
  ]
}