{
  "generation": 1000,
  "fitness": 80780,
  "ticks": 155,
  "fruits": 10,
  "genome": [
    -0.15943821,
    0.36569887,
    1.0786135,
    -0.96412957,
    -0.04848328,
    -0.049221866,
    0.67621017,
    -0.31589895,
    0.7814631,
    -0.12610696,
    0.31471357,
    -0.17135893,
    -0.0859976,
    0.29312104,
    0.21089172,
    -0.3824532,
    0.05596869,
    0.42970628,
    -0.6600187,
    0.26405728,
    0.078864865,
    -0.11606942,
    -0.0703292,
    0.32574433,
    -1.0432606,
    0.61227787,
    0.26295075,
    0.09556982,
    0.52861077,
    -0.16829035,
    -0.38715354,
    -0.10925103,
    -0.5971705,
    0.2130315,
    0.21755914,
    0.5322863,
    -0.54174244,
    0.4030039,
    -0.026328016,
    -0.20928049,
    0.044935636,
    0.40560704,
    -0.23377676,
    0.0302874,
    0.07817873,
    -0.11766496,
    -0.18293309,
    0.34944052,
    -0.36345255,
    -0.5006075,
    -0.5068925,
    -0.20535146,
    -0.2344479,
    -0.5367936,
    -0.20285077,
    0.006794259,
    -0.32023036,
    -0.25281462,
    0.25829396,
    -0.29057363,
    0.58194834,
    0.1167113,
    -0.0650668,
    0.072184615,
    0.9060374,
    0.067931354,
    0.06993149,
    0.7170552,
    -0.43785387,
    -0.721465,
    -0.11781738,
    -0.6420332,
    -0.1792577,
    0.07763087,
    -0.6464517,
    0.06797332,
    -0.005498551,
    0.034857493,
    -0.47727537,
    0.32333827,
    -0.14114465,
    -0.020114152,
    0.006732613,
    0.1943943,
    -0.0032960288,
    1.0488077,
    0.09419456,
    -0.018966086,
    -0.49068546,
    -0.0012591463,
    -0.00009482168,
    0.13327289,
    -0.57093054,
    -0.4725962,
    0.017113723,
    -0.05308252,
    0.06840459,
    0.08026472,
    -0.078817464,
    -0.5344262,
    -0.6470541,
    0.2537922,
    0.10880035,
    -1.0416145,
    -0.063726336,
    0.08397727,
    0.95827854,
    -0.62502265,
    0.29404113,
    0.082528725,
    0.05246894,
    0.6638999,
    -0.12931389,
    0.14641935,
    -0.45971906,
    0.33547983,
    0.008568458,
    0.3724872,
    0.7371319,
    -0.6334161,
    0.12711386,
    0.108167574,
    0.24720463,
    0.13785222,
    0.22826998,
    -0.9232829,
    -0.20738693,
    0.4040111,
    -0.00073406845,
    0.4138947,
    -0.1580904,
    -0.4617748,
    0.111634225,
    0.25681928,
    0.35209426,
    -0.058529645,
    0.36844584,
    -0.003255844,
    0.10798854,
    -0.16590777,
    0.30113214,
    -0.2004293,
    -0.07216346,
    -0.5254533,
    0.43963596,
    0.20675668,
    -0.01750487,
    -0.13821825,
    0.24902041,
    0.05732473,
    0.22950436,
    -0.10722798,
    0.08186795,
    -0.11086908,
    -0.29107314,
    0.047467686,
    0.3362763,
    0.17939675,
    0.47766188,
    0.029169457,
    -0.061336763,
    -0.5446519,
    -0.2712272,
    0.11160451,
    0.11599274,
    -0.1351592,
    -0.12568262,
    -0.13122112,
    -0.83587587,
    0.5469777,
    0.12915014,
    -0.042544097,
    0.30184934,
    -0.36995032,
    -1.2913094,
    -0.9231673,
    -0.09733141,
    0.030743118,
    -0.4640799,
    0.1694044,
    -0.08817126,
    0.0051588374,
    0.12028243,
    -0.006948538,
    -0.90726393,
    0.15489745,
    -0.10445176,
    0.012934372,
    -0.6467606,
    -0.62193817,
    0.070121974,
    -0.11598102,
    -0.30821812,
    0.18410815,
    -0.5930517,
    -0.19214478,
    -0.0022588514,
    -0.13163325,
    -0.031126209,
    -0.9535701,
    0.65427935,
    0.21056965,
    0.036006037,
    0.39942932,
    0.430829,
    0.4553436,
    0.2883715,
    -1.0900383,
    -0.43827912,
    0.07595452,
    0.86425567,
    -0.7166438,
    -0.5414245,
    0.02370373,
    0.37432227,
    -0.16760226,
    -0.24926999,
    -0.036492135,
    0.22148432,
    0.076244175,
    0.114837654,
    0.0023597293,
    0.20969673,
    -0.10515407,
    0.37747025,
    0.29345053,
    0.32538497,
    0.058774717,
    0.7894115,
    0.6818779,
    -0.07892007,
    -0.67554843,
    0.32308477,
    -0.038793832,
    -0.4502483,
    -0.07226154,
    -0.6033358,
    -0.3181474,
    -0.51537645,
    -0.3097232,
    -0.27764645,
    -0.27319762,
    0.085620694,
    0.56579435,
    0.29282907,
    0.07488827,
    -0.673138,
    -0.98583335,
    -0.027084287,
    -0.25456032,
    -0.7981733,
    0.89153296,
    0.7349644,
    -0.7916622,
    0.28591198,
    0.18838055,
    0.41052067,
    0.4369378,
    -1.3269951,
    0.56814545,
    -0.30146432,
    -0.7387284,
    0.1373903,
    0.13210016,
    -0.0021361709,
    0.03165248,
    0.31256402,
    0.019584326,
    0.28421855,
    0.6155975,
    -0.13010499,
    -0.032941654,
    0.6441801,
    0.0725939,
    0.02271083,
    0.15802899,
    -0.50750244,
    0.05263264,
    -0.13115752,
    -0.1841673,
    0.4346027,
    -0.55661994,
    0.21932387,
    -0.15482822,
    0.055096656,
    0.23403585,
    -0.24205607,
    0.14175624,
    -0.17416516,
    -0.06904634,
    0.18414575,
    -0.011874359,
    0.11195421,
    0.1636647,
    -1.029846,
    0.107752606,
    0.74053025,
    -0.95302975,
    0.11975066,
    0.2434315,
    0.114952296,
    -0.2701869,
    -0.24645865,
    -0.2623523,
    0.23076051,
    0.19293007,
    -0.025257956,
    0.2594216,
    -0.03504809,
    0.40221193,
    0.08506775,
    -0.976814,
    -0.26351753,
    0.093805894,
    0.088329755,
    -0.035055235,
    1.2033881,
    -0.71481,
    0.28500625,
    -0.104858235,
    0.2104601,
    -0.21885203,
    0.028239608,
    -0.75980794,
    0.22437105,
    0.017270276,
    0.11602037,
    0.5591342,
    -0.40237665,
    -0.25530845,
    0.19333011,
    0.4016455,
    -0.4096977,
    0.058095545,
    -0.2979687,
    -0.4574057,
    0.45528916,
    0.14725474,
    0.3980336
  ]
}