{
  "generation": 250,
  "fitness": 129380,
  "ticks": 200,
  "fruits": 16,
  "genome": [
    -0.030762792,
    0.36166444,
    1.0078561,
    0.047241867,
    -0.04848328,
    0.016524777,
    -0.55047345,
    0.22885495,
    0.8681687,
    -0.07807327,
    0.27308404,
    -0.098463036,
    -0.23603286,
    0.39848745,
    0.15388542,
    -0.3289804,
    0.076224625,
    0.4314614,
    -0.7711225,
    0.26405728,
    -0.051971234,
    -0.11606942,
    -0.0703292,
    0.10558937,
    0.089823954,
    0.6293146,
    -0.1477549,
    0.09556982,
    0.28478125,
    -0.13660902,
    -0.2649775,
    -0.10925103,
    -0.5971705,
    0.09643997,
    0.23402789,
    0.78683376,
    -0.7393937,
    0.27369967,
    -0.13031729,
    0.16915317,
    -0.016902208,
    0.36512882,
    -0.23503266,
    0.09759844,
    0.11984103,
    -0.11766496,
    -0.72282887,
    0.39749038,
    -0.36345255,
    -0.5006075,
    -0.41021854,
    -0.18107907,
    -0.2344479,
    -0.18908638,
    -0.120038815,
    0.10286935,
    -0.32350215,
    -0.23195705,
    0.25829396,
    -0.29057363,
    0.6295339,
    0.0424071,
    -0.07140278,
    0.15842763,
    0.97145605,
    0.067931354,
    0.06993149,
    0.58581215,
    0.18037383,
    -0.2819028,
    -0.14622226,
    0.055774592,
    -0.23679096,
    0.059548303,
    -0.8315248,
    0.024483789,
    -0.005498551,
    -0.07929154,
    -0.42370707,
    0.32333827,
    -0.14114465,
    0.069005564,
    0.006732613,
    0.20497607,
    -0.0032960288,
    1.1416132,
    0.09419456,
    0.010682762,
    -0.42606676,
    -0.05073137,
    0.03158114,
    0.13327289,
    -0.6565294,
    0.22458382,
    -0.035696425,
    0.010539949,
    0.06840459,
    0.018735752,
    -0.118894674,
    -0.38941705,
    -0.63820624,
    0.2537922,
    0.33268613,
    -1.038463,
    -0.13910636,
    0.04916982,
    -0.13020998,
    -0.62502265,
    0.14524646,
    0.1104973,
    0.07744735,
    0.12096951,
    -0.06701696,
    0.14641935,
    -0.21472973,
    0.39135492,
    -0.09493725,
    0.40930614,
    -0.21663722,
    -0.09516148,
    0.21409316,
    -0.05610475,
    0.11771289,
    0.13011563,
    0.28647798,
    -0.8943062,
    -0.13507243,
    0.3506759,
    -0.071943626,
    -0.24531469,
    -0.06763023,
    -0.3251633,
    0.14765552,
    0.22296967,
    0.26443487,
    0.0037012026,
    0.28023005,
    0.039791517,
    -0.046010084,
    0.12110056,
    0.2624787,
    -0.27556396,
    0.072976954,
    -0.38143766,
    -0.5977552,
    0.25690734,
    -0.006066814,
    -0.13372645,
    0.23792258,
    0.038927056,
    0.15159062,
    -0.06875698,
    0.62414145,
    -0.033189636,
    -0.11868877,
    0.036074705,
    0.347964,
    0.17328359,
    0.3106444,
    0.029169457,
    -0.094943866,
    -0.117969215,
    -0.2712272,
    0.23156768,
    0.14116178,
    -0.02300156,
    -0.12579548,
    -0.20035554,
    -0.8013298,
    0.59016377,
    0.20058994,
    0.0065234676,
    0.27594978,
    -0.48657578,
    0.4581312,
    -0.95841825,
    -0.18785326,
    -0.1331595,
    -0.4640799,
    0.175388,
    -0.03376722,
    0.0051588374,
    0.10170648,
    -0.080617934,
    -1.0027615,
    0.09850134,
    0.02640127,
    0.038691677,
    -0.63601357,
    -0.6209869,
    0.070121974,
    -0.11129197,
    -0.37364796,
    0.18410815,
    -0.50818086,
    -0.19214478,
    -0.0022588514,
    -0.054701634,
    -0.031126209,
    -0.93689305,
    0.5487173,
    0.29811707,
    -0.0076597943,
    0.21216479,
    0.40630037,
    0.46700346,
    0.23954934,
    -1.0710578,
    -0.05979529,
    0.028174408,
    0.47123566,
    0.020233879,
    -0.60925955,
    0.02370373,
    0.38329118,
    -0.2338039,
    -0.24926999,
    -0.07745382,
    0.21640071,
    -0.010111347,
    0.114837654,
    -0.16139042,
    0.25108933,
    -0.09565881,
    0.35392,
    0.4654033,
    0.32538497,
    0.01928764,
    -0.278378,
    0.64055943,
    -0.038547277,
    -0.7930525,
    0.052488063,
    0.044305936,
    -0.4502483,
    -0.07226154,
    -0.6033358,
    -0.23444381,
    -0.25882146,
    -0.39263752,
    -0.29641938,
    -0.29575002,
    0.031344704,
    0.56579435,
    0.16727942,
    0.04969524,
    -0.6422086,
    -0.9373487,
    -0.027084287,
    -0.09990213,
    -0.65695906,
    0.9591031,
    0.6572228,
    -0.87571776,
    0.28591198,
    0.15431954,
    0.23517023,
    0.34967145,
    -1.2831423,
    0.16889346,
    -0.19381519,
    -0.6826563,
    0.14075068,
    0.12452924,
    -0.0021361709,
    0.03165248,
    0.22391301,
    0.02108168,
    0.22355592,
    0.53675294,
    -0.032235824,
    -0.032941654,
    0.7137805,
    0.0009449497,
    -0.047640122,
    0.19741201,
    -0.33439693,
    0.026895493,
    -0.022129942,
    -0.17356777,
    0.23717155,
    -0.5591588,
    0.22313188,
    -0.13991228,
    0.14656416,
    0.23403585,
    -0.24366741,
    0.22901426,
    -0.198552,
    -0.0461187,
    0.25578794,
    0.040738136,
    0.17697343,
    0.26457962,
    -0.9457218,
    0.16505432,
    0.6517573,
    -0.901934,
    0.12290146,
    0.24514902,
    0.114952296,
    -0.20279756,
    -0.15044093,
    -0.2623523,
    0.26427612,
    0.2428456,
    -0.025257956,
    0.26190618,
    -0.029226638,
    0.43499383,
    0.08506775,
    0.12426841,
    -0.26351753,
    -0.28603885,
    0.047749177,
    0.042908203,
    1.1243241,
    -0.68560576,
    0.28500625,
    -0.15837894,
    0.47067448,
    -0.1560578,
    0.013594484,
    -0.75980794,
    0.22438504,
    -0.02438893,
    0.063196875,
    0.49575418,
    -0.35639182,
    -0.20843887,
    0.1380916,
    -0.9636316,
    -1.1631892,
    0.105505355,
    -0.26689586,
    -0.39536995,
    0.48869416,
    0.32394722,
    0.3569429
  ]
}