{
  "generation": 1000,
  "fitness": 113250,
  "ticks": 200,
  "fruits": 14,
  "genome": [
    -0.058905143,
    0.22963591,
    1.2013863,
    -0.99501485,
    -0.27631742,
    0.3040045,
    0.6474306,
    -0.20861894,
    0.7348624,
    -0.23342991,
    0.39628533,
    0.010960922,
    -0.057639185,
    0.3474701,
    0.086050645,
    -0.5043435,
    0.05596869,
    -0.4128667,
    -0.6600187,
    0.1806927,
    0.011656702,
    -0.11606942,
    -0.025287395,
    -0.5157724,
    -1.0567139,
    0.5219555,
    0.03779604,
    0.09556982,
    0.5793712,
    -0.18087745,
    -0.34868333,
    -0.07350912,
    -0.7943752,
    0.20773154,
    0.09759262,
    0.4611065,
    -0.7423274,
    0.4030039,
    0.015554648,
    0.23932438,
    -0.0128856115,
    0.5033146,
    -0.35455617,
    0.012054624,
    -0.054604504,
    -0.16958219,
    -0.12714039,
    0.34944052,
    -0.36345255,
    -0.57596165,
    -0.51419944,
    -0.20535146,
    -0.13476203,
    -0.5367936,
    -0.25789952,
    -0.10741421,
    -0.2778979,
    -0.49555176,
    0.3052968,
    -0.1678946,
    0.58194834,
    0.16400303,
    0.6917204,
    0.13390413,
    0.8996366,
    0.15473562,
    -0.30604145,
    -0.38926166,
    -0.49937162,
    -1.1037971,
    -0.1352131,
    -0.772679,
    -0.13979737,
    0.09967347,
    -1.2272677,
    0.101937,
    0.194673,
    0.1893745,
    -0.47727537,
    0.18770048,
    -0.14776339,
    -0.020114152,
    0.006732613,
    0.1943943,
    0.025506115,
    1.3062698,
    0.07294277,
    -0.08808367,
    -0.49068546,
    -0.06965555,
    -0.00009482168,
    0.09714482,
    -0.84933746,
    -0.4725962,
    0.007285308,
    0.0052116076,
    0.062268645,
    0.18362218,
    -0.078817464,
    -0.47682285,
    0.35505643,
    0.23954502,
    -0.311902,
    -1.0619029,
    -0.0291172,
    0.35545826,
    0.925867,
    -0.62502265,
    0.32150435,
    0.08990457,
    0.06229606,
    0.43904084,
    -0.12931389,
    0.14641935,
    -0.5503991,
    0.32482076,
    0.0803338,
    0.3724872,
    0.7371319,
    -0.55095726,
    0.22819674,
    0.021977255,
    0.22231221,
    0.124462694,
    -0.34853438,
    -0.9232829,
    -0.28618923,
    0.4040111,
    0.20431478,
    0.29223996,
    -0.19013047,
    -0.4617748,
    -0.34402275,
    -0.39831054,
    0.3684938,
    -0.043225765,
    0.36844584,
    0.17954351,
    -0.01559941,
    -0.04605639,
    0.33225596,
    -0.3364991,
    -0.15546434,
    -0.2129257,
    0.43963596,
    0.1606619,
    -0.01750487,
    -0.13821825,
    0.036170464,
    0.23371238,
    0.22950436,
    -0.14727134,
    0.17201626,
    0.47728994,
    -0.29107314,
    0.047467686,
    0.33396974,
    0.17939675,
    0.47766188,
    0.029169457,
    0.029393315,
    -0.50734264,
    -0.25577757,
    0.10733506,
    0.013121073,
    -0.7581067,
    -0.15744935,
    -0.16222963,
    -0.7766592,
    0.50086814,
    0.3347389,
    0.025747418,
    0.3023536,
    -0.34168625,
    -0.7094963,
    -0.9231673,
    -0.18243799,
    0.22163872,
    -0.46532047,
    0.18729311,
    -0.062625,
    0.0051588374,
    0.12028243,
    -0.16172832,
    -0.9223232,
    0.06492853,
    0.10108208,
    0.19005232,
    0.42735192,
    -0.67643887,
    -0.09573361,
    -0.1855032,
    -0.17904913,
    0.07963037,
    -0.50347716,
    -0.19214478,
    -0.118013196,
    -0.13163325,
    -0.031126209,
    -1.2294486,
    0.7090355,
    0.21056965,
    0.036746286,
    0.39942932,
    0.430829,
    0.3668732,
    0.34993592,
    -1.0645564,
    -0.30731976,
    0.07595452,
    0.85290855,
    -0.5969671,
    -0.5414245,
    -0.076648295,
    -0.13948795,
    -0.20471543,
    -0.17382374,
    -0.14386785,
    0.3111102,
    0.076244175,
    0.114837654,
    0.0071946,
    0.2571448,
    -0.010884631,
    0.31996542,
    0.2700816,
    0.32538497,
    0.0030507706,
    0.7894115,
    -0.21717754,
    0.3768983,
    -0.71062666,
    0.23546296,
    0.19387239,
    -0.41848415,
    -0.2120024,
    -0.56296873,
    0.061496895,
    -0.90870064,
    -0.21957739,
    -0.28134322,
    -0.09697487,
    -0.12847216,
    0.42257965,
    0.2554601,
    0.29909953,
    -0.6778758,
    -0.9160266,
    -0.14359406,
    -0.2510356,
    -0.6353702,
    0.89153296,
    0.7349644,
    -0.7166317,
    0.28180823,
    0.11067956,
    0.47237787,
    0.36133796,
    -1.3636197,
    0.56814545,
    -0.37936637,
    -0.7387284,
    0.1373903,
    -0.21220781,
    -0.0021361709,
    0.04684501,
    0.5260631,
    0.019584326,
    0.3249613,
    0.5066929,
    -0.13010499,
    -0.08156855,
    0.70804054,
    0.07646017,
    -0.59251916,
    0.13354701,
    -0.55804217,
    0.0076584443,
    -0.00003604591,
    -0.18077487,
    0.49678287,
    -0.58494157,
    0.1973027,
    -0.13976845,
    -0.15066676,
    0.24578822,
    -0.29495707,
    0.15875334,
    -0.07687899,
    -0.17291614,
    0.18414575,
    0.33672976,
    0.14299017,
    0.27186897,
    -1.0829754,
    0.06005877,
    0.11506914,
    -0.9768638,
    0.22603297,
    0.2653442,
    0.17008848,
    -0.43681127,
    -0.32805434,
    -0.2623523,
    0.23076051,
    -0.038875256,
    -0.046043962,
    0.3085763,
    0.03684474,
    0.40221193,
    0.19948572,
    -0.8343967,
    -0.25602242,
    0.1188838,
    -0.03540975,
    -0.14847237,
    -0.1934999,
    -1.0943615,
    0.19332096,
    1.2363287,
    0.25266016,
    -0.34633923,
    0.125724,
    -0.66379,
    0.26248378,
    -0.038854823,
    -0.0042289384,
    -0.17912868,
    -0.74360096,
    -0.25530845,
    0.27944538,
    0.007916436,
    -0.33421755,
    0.058095545,
    -0.32297137,
    -0.16854595,
    0.3966081,
    0.17209567,
    -0.5403711
  ]
}